{
  "manifest-bundle.zip": 1615094982454,
  "model/Exceptions.json": 1615070311157,
  "model/Suppliers.json": 1615070311157,
  "model/Products.json": 1615070311157,
  "model/Orders.json": 1615070311157,
  "model/Items.json": 1615070311157,
  "model/Vendors.json": 1615070311157,
  "model/Departments.json": 1615070311157,
  "model/Currency.json": 1615070311157,
  "model/Contracts.json": 1615091875030,
  "model/Categories.json": 1615070311157,
  "model/AdZones.json": 1615070311157,
  "manifest.json": 1615094982446,
  "model/models.js": 1615070311157,
  "model/formatter.js": 1615070412705,
  "controller/NotFound.controller.js": 1615070443417,
  "controller/Master.controller.js": 1615092532572,
  "controller/Detail.controller.js": 1615091384090,
  "controller/BaseController.js": 1615070412389,
  "controller/App.controller.js": 1615070443405,
  "Component.js": 1615070443405,
  "i18n/i18n.properties": 1615070311157,
  "Component-preload.js": 1615094982692,
  "controller/BaseController-dbg.js": 1615070412389,
  "model/formatter-dbg.js": 1615070412705,
  "controller/NotFound-dbg.controller.js": 1615070443417,
  "controller/Master-dbg.controller.js": 1615092532572,
  "controller/Detail-dbg.controller.js": 1615091384090,
  "model/models-dbg.js": 1615070311157,
  "controller/App-dbg.controller.js": 1615070443405,
  "Component-dbg.js": 1615070443405,
  "view/NotFound.view.xml": 1615070413181,
  "view/Master.view.xml": 1615090791873,
  "view/Detail.view.xml": 1615091685154,
  "view/App.view.xml": 1615070412721,
  "images/mayfield.png": 1615070311157,
  "images/haagendazs.png": 1615070311157,
  "images/graeters.png": 1615070311157,
  "images/fieldbrook.png": 1615070311157,
  "images/caspers.png": 1615070311157,
  "images/bubbies.png": 1615070311157,
  "images/breyers.jpg": 1615070311157,
  "images/bluebell.jpg": 1615070311157,
  "images/benjerrys.png": 1615070311157,
  "images/alamance.png": 1615070311157,
  "fragments/CopyContractDialog.fragment.xml": 1615070311153,
  "css/style.css": 1615070311153,
  "index.html": 1615070412485
}