[{
	"id": 1001,
	"receivingLocation": "Warehouse 1",
	"receivingLocationId": "WH_TORONTO",
	"orderDate": "2021-03-07T14:42:37Z",
	"orderQuantity": 98,
	"deliveryDate": "2021-01-08T03:52:05Z",
	"availabilityDate": "2021-01-19T22:30:09Z",
	"supplyingLocation": "Supplier B",
	"status": "Created Automatically",
	"units": "CAR",
	"error": 0,
	"warning": 0,
	"success": 100
}, {
	"id": 1002,
	"receivingLocation": "Warehouse 2",
	"receivingLocationId": "WH_MONTREAL",
	"orderDate": "2021-03-07T06:08:16Z",
	"orderQuantity": 8,
	"deliveryDate": "2020-03-22T17:58:37Z",
	"availabilityDate": "2020-03-19T07:15:10Z",
	"supplyingLocation": "Supplier B",
	"status": "Pending Review",
	"units": "CAR",
	"error": 50,
	"warning": 0,
	"success": 50
}, {
	"id": 1003,
	"receivingLocation": "Warehouse 3",
	"receivingLocationId": "WH_OTTAWA",
	"orderDate": "2021-03-09T04:27:52Z",
	"orderQuantity": 92,
	"deliveryDate": "2020-11-10T10:14:42Z",
	"availabilityDate": "2021-02-08T10:47:05Z",
	"supplyingLocation": "Supplier C",
	"status": "Created Automatically",
	"units": "PAL",
	"error": 25,
	"warning": 25,
	"success": 50
}, {
	"id": 1004,
	"receivingLocation": "Warehouse 1",
	"receivingLocationId": "WH_TORONTO",
	"orderDate": "2021-03-05T10:53:06Z",
	"orderQuantity": 97,
	"deliveryDate": "2021-01-22T13:58:31Z",
	"availabilityDate": "2020-12-07T14:11:27Z",
	"supplyingLocation": "Supplier D",
	"status": "Created Automatically",
	"units": "PC",
	"error": 0,
	"warning": 0,
	"success": 100
}, {
	"id": 1005,
	"receivingLocation": "Warehouse 2",
	"receivingLocationId": "WH_MONTREAL",
	"orderDate": "2021-03-03T14:07:37Z",
	"orderQuantity": 23,
	"deliveryDate": "2020-06-19T11:35:25Z",
	"availabilityDate": "2020-07-20T07:57:57Z",
	"supplyingLocation": "Supplier C",
	"status": "Pending Review",
	"units": "PC",
	"error": 50,
	"warning": 0,
	"success": 50
}, {
	"id": 1006,
	"receivingLocation": "Warehouse 3",
	"receivingLocationId": "WH_OTTAWA",
	"orderDate": "2021-03-06T19:59:29Z",
	"orderQuantity": 62,
	"deliveryDate": "2020-04-08T00:35:39Z",
	"availabilityDate": "2020-08-25T18:02:02Z",
	"supplyingLocation": "Supplier A",
	"status": "Pending Review",
	"units": "CAR",
	"error": 25,
	"warning": 25,
	"success": 50
}, {
	"id": 1007,
	"receivingLocation": "Warehouse 1",
	"receivingLocationId": "WH_TORONTO",
	"orderDate": "2021-03-09T16:44:39Z",
	"orderQuantity": 8,
	"deliveryDate": "2020-09-29T03:10:32Z",
	"availabilityDate": "2020-04-25T23:19:58Z",
	"supplyingLocation": "Supplier A",
	"status": "Created Automatically",
	"units": "PC",
	"error": 0,
	"warning": 0,
	"success": 100
}, {
	"id": 1008,
	"receivingLocation": "Warehouse 2",
	"receivingLocationId": "WH_MONTREAL",
	"orderDate": "2021-03-09T13:33:01Z",
	"orderQuantity": 92,
	"deliveryDate": "2020-12-09T06:30:42Z",
	"availabilityDate": "2020-09-13T20:43:37Z",
	"supplyingLocation": "Supplier A",
	"status": "Pending Review",
	"units": "PAL",
	"error": 50,
	"warning": 0,
	"success": 50
}, {
	"id": 1009,
	"receivingLocation": "Warehouse 3",
	"receivingLocationId": "WH_OTTAWA",
	"orderDate": "2021-03-03T08:57:20Z",
	"orderQuantity": 21,
	"deliveryDate": "2021-02-19T15:18:55Z",
	"availabilityDate": "2020-06-19T04:14:05Z",
	"supplyingLocation": "Supplier A",
	"status": "Pending Review",
	"units": "CAR",
	"error": 25,
	"warning": 25,
	"success": 50
}, {
	"id": 1010,
	"receivingLocation": "Warehouse 1",
	"receivingLocationId": "WH_TORONTO",
	"orderDate": "2021-03-06T16:16:44Z",
	"orderQuantity": 61,
	"deliveryDate": "2020-06-19T03:38:15Z",
	"availabilityDate": "2020-12-30T11:37:18Z",
	"supplyingLocation": "Supplier B",
	"status": "Pending Review",
	"units": "PAL",
	"error": 0,
	"warning": 0,
	"success": 100
}, {
	"id": 1011,
	"receivingLocation": "Warehouse 2",
	"receivingLocationId": "WH_MONTREAL",
	"orderDate": "2021-03-04T18:29:25Z",
	"orderQuantity": 88,
	"deliveryDate": "2020-09-20T11:05:36Z",
	"availabilityDate": "2021-01-05T02:23:16Z",
	"supplyingLocation": "Supplier A",
	"status": "Pending Review",
	"units": "CAR",
	"error": 50,
	"warning": 0,
	"success": 50
}, {
	"id": 1012,
	"receivingLocation": "Warehouse 3",
	"receivingLocationId": "WH_OTTAWA",
	"orderDate": "2021-03-05T21:45:54Z",
	"orderQuantity": 41,
	"deliveryDate": "2020-10-17T18:26:43Z",
	"availabilityDate": "2020-06-29T11:38:53Z",
	"supplyingLocation": "Supplier A",
	"status": "Pending Review",
	"units": "PAL",
	"error": 25,
	"warning": 25,
	"success": 50
}, {
	"id": 1013,
	"receivingLocation": "Warehouse 1",
	"receivingLocationId": "WH_TORONTO",
	"orderDate": "2021-03-04T09:08:51Z",
	"orderQuantity": 55,
	"deliveryDate": "2020-05-15T02:01:53Z",
	"availabilityDate": "2020-06-12T03:38:57Z",
	"supplyingLocation": "Supplier B",
	"status": "Pending Review",
	"units": "PC",
	"error": 0,
	"warning": 0,
	"success": 100
}, {
	"id": 1014,
	"receivingLocation": "Warehouse 2",
	"receivingLocationId": "WH_MONTREAL",
	"orderDate": "2021-03-08T19:25:35Z",
	"orderQuantity": 22,
	"deliveryDate": "2020-10-30T13:27:48Z",
	"availabilityDate": "2020-06-03T19:08:54Z",
	"supplyingLocation": "Supplier B",
	"status": "Pending Review",
	"units": "PC",
	"error": 50,
	"warning": 0,
	"success": 50
}, {
	"id": 1015,
	"receivingLocation": "Warehouse 3",
	"receivingLocationId": "WH_OTTAWA",
	"orderDate": "2021-03-08T02:26:15Z",
	"orderQuantity": 88,
	"deliveryDate": "2020-05-03T10:50:08Z",
	"availabilityDate": "2020-08-30T12:24:39Z",
	"supplyingLocation": "Supplier C",
	"status": "Created Automatically",
	"units": "PC",
	"error": 25,
	"warning": 25,
	"success": 50
}, {
	"id": 1016,
	"receivingLocation": "Warehouse 1",
	"receivingLocationId": "WH_TORONTO",
	"orderDate": "2021-03-05T17:33:34Z",
	"orderQuantity": 96,
	"deliveryDate": "2020-09-27T02:11:08Z",
	"availabilityDate": "2020-04-09T21:18:24Z",
	"supplyingLocation": "Supplier A",
	"status": "Pending Review",
	"units": "CAR",
	"error": 0,
	"warning": 0,
	"success": 100
}, {
	"id": 1017,
	"receivingLocation": "Warehouse 2",
	"receivingLocationId": "WH_MONTREAL",
	"orderDate": "2021-03-06T03:32:12Z",
	"orderQuantity": 50,
	"deliveryDate": "2021-01-14T01:48:29Z",
	"availabilityDate": "2020-04-01T05:57:19Z",
	"supplyingLocation": "Supplier B",
	"status": "Created Automatically",
	"units": "PC",
	"error": 50,
	"warning": 0,
	"success": 50
}, {
	"id": 1018,
	"receivingLocation": "Warehouse 3",
	"receivingLocationId": "WH_OTTAWA",
	"orderDate": "2021-03-07T06:06:51Z",
	"orderQuantity": 31,
	"deliveryDate": "2020-06-06T14:18:00Z",
	"availabilityDate": "2020-07-08T15:35:45Z",
	"supplyingLocation": "Supplier D",
	"status": "Created Automatically",
	"units": "PAL",
	"error": 25,
	"warning": 25,
	"success": 50
}, {
	"id": 1019,
	"receivingLocation": "Warehouse 1",
	"receivingLocationId": "WH_TORONTO",
	"orderDate": "2021-03-05T07:08:42Z",
	"orderQuantity": 15,
	"deliveryDate": "2020-11-09T23:46:01Z",
	"availabilityDate": "2020-11-01T11:36:18Z",
	"supplyingLocation": "Supplier A",
	"status": "Pending Review",
	"units": "CAR",
	"error": 0,
	"warning": 0,
	"success": 100
}, {
	"id": 1020,
	"receivingLocation": "Warehouse 2",
	"receivingLocationId": "WH_MONTREAL",
	"orderDate": "2021-03-09T04:02:07Z",
	"orderQuantity": 61,
	"deliveryDate": "2021-02-27T13:09:52Z",
	"availabilityDate": "2020-11-06T06:05:50Z",
	"supplyingLocation": "Supplier D",
	"status": "Pending Review",
	"units": "PC",
	"error": 50,
	"warning": 0,
	"success": 50
}, {
	"id": 1021,
	"receivingLocation": "Warehouse 3",
	"receivingLocationId": "WH_OTTAWA",
	"orderDate": "2021-03-06T06:06:03Z",
	"orderQuantity": 21,
	"deliveryDate": "2020-11-02T10:12:27Z",
	"availabilityDate": "2021-01-03T12:57:37Z",
	"supplyingLocation": "Supplier C",
	"status": "Created Automatically",
	"units": "PAL",
	"error": 25,
	"warning": 25,
	"success": 50
}, {
	"id": 1022,
	"receivingLocation": "Warehouse 1",
	"receivingLocationId": "WH_TORONTO",
	"orderDate": "2021-03-07T00:10:24Z",
	"orderQuantity": 59,
	"deliveryDate": "2021-03-02T15:06:27Z",
	"availabilityDate": "2020-07-22T21:23:38Z",
	"supplyingLocation": "Supplier A",
	"status": "Created Automatically",
	"units": "CAR",
	"error": 0,
	"warning": 0,
	"success": 100
}, {
	"id": 1023,
	"receivingLocation": "Warehouse 2",
	"receivingLocationId": "WH_MONTREAL",
	"orderDate": "2021-03-09T03:57:25Z",
	"orderQuantity": 31,
	"deliveryDate": "2021-01-26T05:51:26Z",
	"availabilityDate": "2020-06-30T21:11:38Z",
	"supplyingLocation": "Supplier B",
	"status": "Pending Review",
	"units": "CAR",
	"error": 50,
	"warning": 0,
	"success": 50
}, {
	"id": 1024,
	"receivingLocation": "Warehouse 3",
	"receivingLocationId": "WH_OTTAWA",
	"orderDate": "2021-03-07T21:18:31Z",
	"orderQuantity": 65,
	"deliveryDate": "2021-02-11T11:00:09Z",
	"availabilityDate": "2020-07-20T00:20:54Z",
	"supplyingLocation": "Supplier A",
	"status": "Created Automatically",
	"units": "CAR",
	"error": 25,
	"warning": 25,
	"success": 50
}, {
	"id": 1025,
	"receivingLocation": "Warehouse 1",
	"receivingLocationId": "WH_TORONTO",
	"orderDate": "2021-03-04T19:09:01Z",
	"orderQuantity": 45,
	"deliveryDate": "2021-01-22T13:24:20Z",
	"availabilityDate": "2021-01-15T07:19:43Z",
	"supplyingLocation": "Supplier D",
	"status": "Pending Review",
	"units": "PC",
	"error": 0,
	"warning": 0,
	"success": 100
}, {
	"id": 1026,
	"receivingLocation": "Warehouse 2",
	"receivingLocationId": "WH_MONTREAL",
	"orderDate": "2021-03-03T15:47:45Z",
	"orderQuantity": 15,
	"deliveryDate": "2020-05-17T06:44:04Z",
	"availabilityDate": "2020-05-08T11:17:58Z",
	"supplyingLocation": "Supplier A",
	"status": "Created Automatically",
	"units": "PAL",
	"error": 50,
	"warning": 0,
	"success": 50
}, {
	"id": 1027,
	"receivingLocation": "Warehouse 3",
	"receivingLocationId": "WH_OTTAWA",
	"orderDate": "2021-03-06T16:19:04Z",
	"orderQuantity": 16,
	"deliveryDate": "2020-08-12T12:00:29Z",
	"availabilityDate": "2020-10-10T20:50:04Z",
	"supplyingLocation": "Supplier B",
	"status": "Pending Review",
	"units": "PAL",
	"error": 25,
	"warning": 25,
	"success": 50
}, {
	"id": 1028,
	"receivingLocation": "Warehouse 1",
	"receivingLocationId": "WH_TORONTO",
	"orderDate": "2021-03-05T05:43:32Z",
	"orderQuantity": 28,
	"deliveryDate": "2020-06-21T10:31:17Z",
	"availabilityDate": "2021-02-09T17:37:27Z",
	"supplyingLocation": "Supplier D",
	"status": "Pending Review",
	"units": "PC",
	"error": 0,
	"warning": 0,
	"success": 100
}, {
	"id": 1029,
	"receivingLocation": "Warehouse 2",
	"receivingLocationId": "WH_MONTREAL",
	"orderDate": "2021-03-06T18:14:22Z",
	"orderQuantity": 63,
	"deliveryDate": "2020-04-14T07:49:39Z",
	"availabilityDate": "2020-10-21T02:42:35Z",
	"supplyingLocation": "Supplier C",
	"status": "Created Automatically",
	"units": "PAL",
	"error": 50,
	"warning": 0,
	"success": 50
}, {
	"id": 1030,
	"receivingLocation": "Warehouse 3",
	"receivingLocationId": "WH_OTTAWA",
	"orderDate": "2021-03-04T09:36:46Z",
	"orderQuantity": 36,
	"deliveryDate": "2021-02-28T23:27:00Z",
	"availabilityDate": "2020-05-20T13:19:10Z",
	"supplyingLocation": "Supplier A",
	"status": "Pending Review",
	"units": "PC",
	"error": 25,
	"warning": 25,
	"success": 50
}, {
	"id": 1031,
	"receivingLocation": "Warehouse 1",
	"receivingLocationId": "WH_TORONTO",
	"orderDate": "2021-03-03T20:48:13Z",
	"orderQuantity": 16,
	"deliveryDate": "2021-01-28T03:36:19Z",
	"availabilityDate": "2020-10-24T04:59:43Z",
	"supplyingLocation": "Supplier A",
	"status": "Pending Review",
	"units": "CAR",
	"error": 0,
	"warning": 0,
	"success": 100
}, {
	"id": 1032,
	"receivingLocation": "Warehouse 2",
	"receivingLocationId": "WH_MONTREAL",
	"orderDate": "2021-03-03T03:48:07Z",
	"orderQuantity": 69,
	"deliveryDate": "2021-01-08T07:31:58Z",
	"availabilityDate": "2020-04-16T17:11:44Z",
	"supplyingLocation": "Supplier A",
	"status": "Created Automatically",
	"units": "PAL",
	"error": 50,
	"warning": 0,
	"success": 50
}, {
	"id": 1033,
	"receivingLocation": "Warehouse 3",
	"receivingLocationId": "WH_OTTAWA",
	"orderDate": "2021-03-08T13:44:01Z",
	"orderQuantity": 88,
	"deliveryDate": "2020-10-08T11:38:28Z",
	"availabilityDate": "2021-01-03T10:44:10Z",
	"supplyingLocation": "Supplier C",
	"status": "Pending Review",
	"units": "PAL",
	"error": 25,
	"warning": 25,
	"success": 50
}, {
	"id": 1034,
	"receivingLocation": "Warehouse 1",
	"receivingLocationId": "WH_TORONTO",
	"orderDate": "2021-03-05T11:28:06Z",
	"orderQuantity": 87,
	"deliveryDate": "2020-10-02T16:40:03Z",
	"availabilityDate": "2020-12-04T08:26:52Z",
	"supplyingLocation": "Supplier C",
	"status": "Created Automatically",
	"units": "PAL",
	"error": 0,
	"warning": 0,
	"success": 100
}, {
	"id": 1035,
	"receivingLocation": "Warehouse 2",
	"receivingLocationId": "WH_MONTREAL",
	"orderDate": "2021-03-03T05:07:32Z",
	"orderQuantity": 64,
	"deliveryDate": "2020-10-12T01:21:35Z",
	"availabilityDate": "2021-01-25T05:27:56Z",
	"supplyingLocation": "Supplier B",
	"status": "Pending Review",
	"units": "PAL",
	"error": 50,
	"warning": 0,
	"success": 50
}, {
	"id": 1036,
	"receivingLocation": "Warehouse 3",
	"receivingLocationId": "WH_OTTAWA",
	"orderDate": "2021-03-06T02:35:45Z",
	"orderQuantity": 21,
	"deliveryDate": "2020-12-27T20:42:22Z",
	"availabilityDate": "2020-10-20T04:44:23Z",
	"supplyingLocation": "Supplier C",
	"status": "Created Automatically",
	"units": "CAR",
	"error": 25,
	"warning": 25,
	"success": 50
}, {
	"id": 1037,
	"receivingLocation": "Warehouse 1",
	"receivingLocationId": "WH_TORONTO",
	"orderDate": "2021-03-09T18:36:17Z",
	"orderQuantity": 13,
	"deliveryDate": "2020-08-03T13:39:00Z",
	"availabilityDate": "2020-04-25T00:02:12Z",
	"supplyingLocation": "Supplier B",
	"status": "Created Automatically",
	"units": "CAR",
	"error": 0,
	"warning": 0,
	"success": 100
}, {
	"id": 1038,
	"receivingLocation": "Warehouse 2",
	"receivingLocationId": "WH_MONTREAL",
	"orderDate": "2021-03-05T22:45:17Z",
	"orderQuantity": 37,
	"deliveryDate": "2020-07-31T06:04:47Z",
	"availabilityDate": "2020-08-31T11:35:16Z",
	"supplyingLocation": "Supplier D",
	"status": "Pending Review",
	"units": "PAL",
	"error": 50,
	"warning": 0,
	"success": 50
}, {
	"id": 1039,
	"receivingLocation": "Warehouse 3",
	"receivingLocationId": "WH_OTTAWA",
	"orderDate": "2021-03-05T10:06:26Z",
	"orderQuantity": 81,
	"deliveryDate": "2020-09-28T02:16:01Z",
	"availabilityDate": "2021-01-06T00:31:33Z",
	"supplyingLocation": "Supplier B",
	"status": "Created Automatically",
	"units": "CAR",
	"error": 25,
	"warning": 25,
	"success": 50
}, {
	"id": 1040,
	"receivingLocation": "Warehouse 1",
	"receivingLocationId": "WH_TORONTO",
	"orderDate": "2021-03-07T17:45:22Z",
	"orderQuantity": 85,
	"deliveryDate": "2020-10-10T17:48:49Z",
	"availabilityDate": "2020-04-09T11:10:49Z",
	"supplyingLocation": "Supplier B",
	"status": "Pending Review",
	"units": "CAR",
	"error": 0,
	"warning": 0,
	"success": 100
}, {
	"id": 1041,
	"receivingLocation": "Warehouse 2",
	"receivingLocationId": "WH_MONTREAL",
	"orderDate": "2021-03-06T05:06:39Z",
	"orderQuantity": 17,
	"deliveryDate": "2020-08-03T12:10:37Z",
	"availabilityDate": "2020-11-04T04:34:20Z",
	"supplyingLocation": "Supplier A",
	"status": "Created Automatically",
	"units": "CAR",
	"error": 50,
	"warning": 0,
	"success": 50
}, {
	"id": 1042,
	"receivingLocation": "Warehouse 3",
	"receivingLocationId": "WH_OTTAWA",
	"orderDate": "2021-03-09T19:42:14Z",
	"orderQuantity": 10,
	"deliveryDate": "2020-06-14T01:05:32Z",
	"availabilityDate": "2020-12-01T15:21:16Z",
	"supplyingLocation": "Supplier D",
	"status": "Created Automatically",
	"units": "PAL",
	"error": 25,
	"warning": 25,
	"success": 50
}, {
	"id": 1043,
	"receivingLocation": "Warehouse 1",
	"receivingLocationId": "WH_TORONTO",
	"orderDate": "2021-03-04T06:45:18Z",
	"orderQuantity": 100,
	"deliveryDate": "2021-03-01T02:58:17Z",
	"availabilityDate": "2021-01-10T07:15:05Z",
	"supplyingLocation": "Supplier C",
	"status": "Created Automatically",
	"units": "PAL",
	"error": 0,
	"warning": 0,
	"success": 100
}, {
	"id": 1044,
	"receivingLocation": "Warehouse 2",
	"receivingLocationId": "WH_MONTREAL",
	"orderDate": "2021-03-03T05:07:31Z",
	"orderQuantity": 63,
	"deliveryDate": "2020-06-08T01:18:07Z",
	"availabilityDate": "2020-06-06T07:35:54Z",
	"supplyingLocation": "Supplier B",
	"status": "Pending Review",
	"units": "PAL",
	"error": 50,
	"warning": 0,
	"success": 50
}, {
	"id": 1045,
	"receivingLocation": "Warehouse 3",
	"receivingLocationId": "WH_OTTAWA",
	"orderDate": "2021-03-03T05:39:18Z",
	"orderQuantity": 21,
	"deliveryDate": "2020-08-22T17:59:10Z",
	"availabilityDate": "2020-12-07T15:59:50Z",
	"supplyingLocation": "Supplier A",
	"status": "Created Automatically",
	"units": "CAR",
	"error": 25,
	"warning": 25,
	"success": 50
}, {
	"id": 1046,
	"receivingLocation": "Warehouse 1",
	"receivingLocationId": "WH_TORONTO",
	"orderDate": "2021-03-06T00:09:28Z",
	"orderQuantity": 22,
	"deliveryDate": "2020-06-01T05:38:25Z",
	"availabilityDate": "2020-09-17T08:15:36Z",
	"supplyingLocation": "Supplier A",
	"status": "Pending Review",
	"units": "CAR",
	"error": 0,
	"warning": 0,
	"success": 100
}, {
	"id": 1047,
	"receivingLocation": "Warehouse 2",
	"receivingLocationId": "WH_MONTREAL",
	"orderDate": "2021-03-05T19:05:41Z",
	"orderQuantity": 77,
	"deliveryDate": "2020-12-25T15:56:37Z",
	"availabilityDate": "2020-08-20T03:31:27Z",
	"supplyingLocation": "Supplier A",
	"status": "Created Automatically",
	"units": "CAR",
	"error": 50,
	"warning": 0,
	"success": 50
}, {
	"id": 1048,
	"receivingLocation": "Warehouse 3",
	"receivingLocationId": "WH_OTTAWA",
	"orderDate": "2021-03-08T16:15:44Z",
	"orderQuantity": 55,
	"deliveryDate": "2020-10-28T19:51:41Z",
	"availabilityDate": "2020-09-27T04:25:08Z",
	"supplyingLocation": "Supplier A",
	"status": "Created Automatically",
	"units": "PAL",
	"error": 25,
	"warning": 25,
	"success": 50
}, {
	"id": 1049,
	"receivingLocation": "Warehouse 1",
	"receivingLocationId": "WH_TORONTO",
	"orderDate": "2021-03-09T12:26:46Z",
	"orderQuantity": 13,
	"deliveryDate": "2020-08-08T23:49:55Z",
	"availabilityDate": "2020-07-21T02:34:12Z",
	"supplyingLocation": "Supplier D",
	"status": "Pending Review",
	"units": "PAL",
	"error": 0,
	"warning": 0,
	"success": 100
}, {
	"id": 1050,
	"receivingLocation": "Warehouse 2",
	"receivingLocationId": "WH_MONTREAL",
	"orderDate": "2021-03-07T07:25:02Z",
	"orderQuantity": 27,
	"deliveryDate": "2020-06-26T20:39:13Z",
	"availabilityDate": "2020-04-13T19:46:10Z",
	"supplyingLocation": "Supplier A",
	"status": "Created Automatically",
	"units": "PAL",
	"error": 50,
	"warning": 0,
	"success": 50
}, {
	"id": 1051,
	"receivingLocation": "Warehouse 3",
	"receivingLocationId": "WH_OTTAWA",
	"orderDate": "2021-03-04T03:33:03Z",
	"orderQuantity": 72,
	"deliveryDate": "2020-07-17T11:14:27Z",
	"availabilityDate": "2021-01-14T11:12:18Z",
	"supplyingLocation": "Supplier C",
	"status": "Created Automatically",
	"units": "CAR",
	"error": 25,
	"warning": 25,
	"success": 50
}, {
	"id": 1052,
	"receivingLocation": "Warehouse 1",
	"receivingLocationId": "WH_TORONTO",
	"orderDate": "2021-03-09T11:55:53Z",
	"orderQuantity": 74,
	"deliveryDate": "2020-11-13T02:58:32Z",
	"availabilityDate": "2021-03-06T21:55:01Z",
	"supplyingLocation": "Supplier C",
	"status": "Created Automatically",
	"units": "PAL",
	"error": 0,
	"warning": 0,
	"success": 100
}, {
	"id": 1053,
	"receivingLocation": "Warehouse 2",
	"receivingLocationId": "WH_MONTREAL",
	"orderDate": "2021-03-04T17:18:47Z",
	"orderQuantity": 37,
	"deliveryDate": "2021-01-09T05:10:52Z",
	"availabilityDate": "2020-08-21T02:14:15Z",
	"supplyingLocation": "Supplier B",
	"status": "Pending Review",
	"units": "CAR",
	"error": 50,
	"warning": 0,
	"success": 50
}, {
	"id": 1054,
	"receivingLocation": "Warehouse 3",
	"receivingLocationId": "WH_OTTAWA",
	"orderDate": "2021-03-08T03:04:56Z",
	"orderQuantity": 82,
	"deliveryDate": "2020-09-21T05:37:49Z",
	"availabilityDate": "2020-07-14T02:16:54Z",
	"supplyingLocation": "Supplier B",
	"status": "Created Automatically",
	"units": "CAR",
	"error": 25,
	"warning": 25,
	"success": 50
}, {
	"id": 1055,
	"receivingLocation": "Warehouse 1",
	"receivingLocationId": "WH_TORONTO",
	"orderDate": "2021-03-07T09:12:52Z",
	"orderQuantity": 46,
	"deliveryDate": "2020-09-06T02:42:52Z",
	"availabilityDate": "2020-04-30T04:59:02Z",
	"supplyingLocation": "Supplier A",
	"status": "Pending Review",
	"units": "PAL",
	"error": 0,
	"warning": 0,
	"success": 100
}, {
	"id": 1056,
	"receivingLocation": "Warehouse 2",
	"receivingLocationId": "WH_MONTREAL",
	"orderDate": "2021-03-07T20:11:16Z",
	"orderQuantity": 69,
	"deliveryDate": "2020-04-04T08:49:02Z",
	"availabilityDate": "2020-12-30T18:35:53Z",
	"supplyingLocation": "Supplier C",
	"status": "Pending Review",
	"units": "PAL",
	"error": 50,
	"warning": 0,
	"success": 50
}, {
	"id": 1057,
	"receivingLocation": "Warehouse 3",
	"receivingLocationId": "WH_OTTAWA",
	"orderDate": "2021-03-08T22:36:02Z",
	"orderQuantity": 60,
	"deliveryDate": "2020-07-21T13:53:53Z",
	"availabilityDate": "2020-06-08T22:10:22Z",
	"supplyingLocation": "Supplier C",
	"status": "Created Automatically",
	"units": "CAR",
	"error": 25,
	"warning": 25,
	"success": 50
}, {
	"id": 1058,
	"receivingLocation": "Warehouse 1",
	"receivingLocationId": "WH_TORONTO",
	"orderDate": "2021-03-05T11:44:51Z",
	"orderQuantity": 36,
	"deliveryDate": "2021-02-19T15:43:38Z",
	"availabilityDate": "2020-03-11T00:14:58Z",
	"supplyingLocation": "Supplier C",
	"status": "Pending Review",
	"units": "CAR",
	"error": 0,
	"warning": 0,
	"success": 100
}, {
	"id": 1059,
	"receivingLocation": "Warehouse 2",
	"receivingLocationId": "WH_MONTREAL",
	"orderDate": "2021-03-08T05:33:52Z",
	"orderQuantity": 30,
	"deliveryDate": "2020-10-02T05:26:58Z",
	"availabilityDate": "2020-11-30T02:54:02Z",
	"supplyingLocation": "Supplier B",
	"status": "Created Automatically",
	"units": "PC",
	"error": 50,
	"warning": 0,
	"success": 50
}, {
	"id": 1060,
	"receivingLocation": "Warehouse 3",
	"receivingLocationId": "WH_OTTAWA",
	"orderDate": "2021-03-07T15:18:31Z",
	"orderQuantity": 12,
	"deliveryDate": "2020-09-28T19:40:39Z",
	"availabilityDate": "2021-01-26T17:18:45Z",
	"supplyingLocation": "Supplier A",
	"status": "Pending Review",
	"units": "PC",
	"error": 25,
	"warning": 25,
	"success": 50
}, {
	"id": 1061,
	"receivingLocation": "Warehouse 1",
	"receivingLocationId": "WH_TORONTO",
	"orderDate": "2021-03-09T04:31:21Z",
	"orderQuantity": 31,
	"deliveryDate": "2020-04-23T19:02:01Z",
	"availabilityDate": "2020-07-02T20:15:29Z",
	"supplyingLocation": "Supplier A",
	"status": "Created Automatically",
	"units": "PC",
	"error": 0,
	"warning": 0,
	"success": 100
}, {
	"id": 1062,
	"receivingLocation": "Warehouse 2",
	"receivingLocationId": "WH_MONTREAL",
	"orderDate": "2021-03-03T19:27:28Z",
	"orderQuantity": 52,
	"deliveryDate": "2020-11-20T15:27:34Z",
	"availabilityDate": "2020-10-27T19:54:47Z",
	"supplyingLocation": "Supplier C",
	"status": "Created Automatically",
	"units": "PC",
	"error": 50,
	"warning": 0,
	"success": 50
}, {
	"id": 1063,
	"receivingLocation": "Warehouse 3",
	"receivingLocationId": "WH_OTTAWA",
	"orderDate": "2021-03-09T10:14:51Z",
	"orderQuantity": 7,
	"deliveryDate": "2020-12-24T11:32:02Z",
	"availabilityDate": "2021-01-24T20:21:46Z",
	"supplyingLocation": "Supplier C",
	"status": "Created Automatically",
	"units": "CAR",
	"error": 25,
	"warning": 25,
	"success": 50
}, {
	"id": 1064,
	"receivingLocation": "Warehouse 1",
	"receivingLocationId": "WH_TORONTO",
	"orderDate": "2021-03-07T14:45:29Z",
	"orderQuantity": 84,
	"deliveryDate": "2020-06-24T23:29:31Z",
	"availabilityDate": "2020-08-11T03:26:00Z",
	"supplyingLocation": "Supplier D",
	"status": "Pending Review",
	"units": "CAR",
	"error": 0,
	"warning": 0,
	"success": 100
}, {
	"id": 1065,
	"receivingLocation": "Warehouse 2",
	"receivingLocationId": "WH_MONTREAL",
	"orderDate": "2021-03-04T20:02:11Z",
	"orderQuantity": 79,
	"deliveryDate": "2020-03-06T09:17:59Z",
	"availabilityDate": "2021-02-12T19:30:22Z",
	"supplyingLocation": "Supplier C",
	"status": "Pending Review",
	"units": "CAR",
	"error": 50,
	"warning": 0,
	"success": 50
}, {
	"id": 1066,
	"receivingLocation": "Warehouse 3",
	"receivingLocationId": "WH_OTTAWA",
	"orderDate": "2021-03-09T19:21:29Z",
	"orderQuantity": 53,
	"deliveryDate": "2020-07-14T09:13:32Z",
	"availabilityDate": "2020-07-07T16:41:54Z",
	"supplyingLocation": "Supplier B",
	"status": "Created Automatically",
	"units": "CAR",
	"error": 25,
	"warning": 25,
	"success": 50
}, {
	"id": 1067,
	"receivingLocation": "Warehouse 1",
	"receivingLocationId": "WH_TORONTO",
	"orderDate": "2021-03-06T02:10:14Z",
	"orderQuantity": 18,
	"deliveryDate": "2020-09-22T23:33:53Z",
	"availabilityDate": "2020-10-18T15:33:10Z",
	"supplyingLocation": "Supplier B",
	"status": "Created Automatically",
	"units": "PC",
	"error": 0,
	"warning": 0,
	"success": 100
}, {
	"id": 1068,
	"receivingLocation": "Warehouse 2",
	"receivingLocationId": "WH_MONTREAL",
	"orderDate": "2021-03-04T00:55:35Z",
	"orderQuantity": 67,
	"deliveryDate": "2020-07-09T02:04:48Z",
	"availabilityDate": "2020-07-20T09:29:44Z",
	"supplyingLocation": "Supplier D",
	"status": "Pending Review",
	"units": "CAR",
	"error": 50,
	"warning": 0,
	"success": 50
}, {
	"id": 1069,
	"receivingLocation": "Warehouse 3",
	"receivingLocationId": "WH_OTTAWA",
	"orderDate": "2021-03-08T23:35:15Z",
	"orderQuantity": 85,
	"deliveryDate": "2021-02-10T14:47:01Z",
	"availabilityDate": "2020-10-19T19:39:28Z",
	"supplyingLocation": "Supplier C",
	"status": "Created Automatically",
	"units": "PC",
	"error": 25,
	"warning": 25,
	"success": 50
}, {
	"id": 1070,
	"receivingLocation": "Warehouse 1",
	"receivingLocationId": "WH_TORONTO",
	"orderDate": "2021-03-09T01:35:51Z",
	"orderQuantity": 26,
	"deliveryDate": "2020-06-22T22:16:33Z",
	"availabilityDate": "2020-12-13T04:53:29Z",
	"supplyingLocation": "Supplier D",
	"status": "Created Automatically",
	"units": "PAL",
	"error": 0,
	"warning": 0,
	"success": 100
}, {
	"id": 1071,
	"receivingLocation": "Warehouse 2",
	"receivingLocationId": "WH_MONTREAL",
	"orderDate": "2021-03-08T23:25:32Z",
	"orderQuantity": 27,
	"deliveryDate": "2020-07-08T21:32:24Z",
	"availabilityDate": "2020-07-24T20:05:38Z",
	"supplyingLocation": "Supplier D",
	"status": "Pending Review",
	"units": "PAL",
	"error": 50,
	"warning": 0,
	"success": 50
}, {
	"id": 1072,
	"receivingLocation": "Warehouse 3",
	"receivingLocationId": "WH_OTTAWA",
	"orderDate": "2021-03-03T00:04:10Z",
	"orderQuantity": 6,
	"deliveryDate": "2020-08-31T18:10:51Z",
	"availabilityDate": "2020-09-16T20:51:34Z",
	"supplyingLocation": "Supplier C",
	"status": "Pending Review",
	"units": "CAR",
	"error": 25,
	"warning": 25,
	"success": 50
}, {
	"id": 1073,
	"receivingLocation": "Warehouse 1",
	"receivingLocationId": "WH_TORONTO",
	"orderDate": "2021-03-09T10:15:43Z",
	"orderQuantity": 93,
	"deliveryDate": "2020-10-03T10:38:09Z",
	"availabilityDate": "2021-03-04T13:02:11Z",
	"supplyingLocation": "Supplier A",
	"status": "Pending Review",
	"units": "CAR",
	"error": 0,
	"warning": 0,
	"success": 100
}, {
	"id": 1074,
	"receivingLocation": "Warehouse 2",
	"receivingLocationId": "WH_MONTREAL",
	"orderDate": "2021-03-06T21:42:20Z",
	"orderQuantity": 83,
	"deliveryDate": "2021-03-05T14:43:24Z",
	"availabilityDate": "2020-08-09T09:22:04Z",
	"supplyingLocation": "Supplier D",
	"status": "Pending Review",
	"units": "PAL",
	"error": 50,
	"warning": 0,
	"success": 50
}, {
	"id": 1075,
	"receivingLocation": "Warehouse 3",
	"receivingLocationId": "WH_OTTAWA",
	"orderDate": "2021-03-08T16:00:02Z",
	"orderQuantity": 89,
	"deliveryDate": "2020-10-03T12:48:48Z",
	"availabilityDate": "2020-09-16T20:42:21Z",
	"supplyingLocation": "Supplier B",
	"status": "Created Automatically",
	"units": "PAL",
	"error": 25,
	"warning": 25,
	"success": 50
}, {
	"id": 1076,
	"receivingLocation": "Warehouse 1",
	"receivingLocationId": "WH_TORONTO",
	"orderDate": "2021-03-05T09:58:20Z",
	"orderQuantity": 61,
	"deliveryDate": "2020-03-28T03:41:24Z",
	"availabilityDate": "2020-03-21T20:05:18Z",
	"supplyingLocation": "Supplier B",
	"status": "Created Automatically",
	"units": "PAL",
	"error": 0,
	"warning": 0,
	"success": 100
}, {
	"id": 1077,
	"receivingLocation": "Warehouse 2",
	"receivingLocationId": "WH_MONTREAL",
	"orderDate": "2021-03-05T12:53:33Z",
	"orderQuantity": 23,
	"deliveryDate": "2020-10-04T11:21:50Z",
	"availabilityDate": "2020-05-14T02:51:19Z",
	"supplyingLocation": "Supplier A",
	"status": "Pending Review",
	"units": "PAL",
	"error": 50,
	"warning": 0,
	"success": 50
}, {
	"id": 1078,
	"receivingLocation": "Warehouse 3",
	"receivingLocationId": "WH_OTTAWA",
	"orderDate": "2021-03-04T15:47:15Z",
	"orderQuantity": 87,
	"deliveryDate": "2020-10-30T06:44:05Z",
	"availabilityDate": "2020-05-19T15:09:30Z",
	"supplyingLocation": "Supplier B",
	"status": "Pending Review",
	"units": "PAL",
	"error": 25,
	"warning": 25,
	"success": 50
}, {
	"id": 1079,
	"receivingLocation": "Warehouse 1",
	"receivingLocationId": "WH_TORONTO",
	"orderDate": "2021-03-05T09:13:35Z",
	"orderQuantity": 59,
	"deliveryDate": "2020-11-26T11:25:09Z",
	"availabilityDate": "2021-01-01T10:22:27Z",
	"supplyingLocation": "Supplier A",
	"status": "Pending Review",
	"units": "PC",
	"error": 0,
	"warning": 0,
	"success": 100
}, {
	"id": 1080,
	"receivingLocation": "Warehouse 2",
	"receivingLocationId": "WH_MONTREAL",
	"orderDate": "2021-03-08T11:31:25Z",
	"orderQuantity": 24,
	"deliveryDate": "2020-08-18T09:41:25Z",
	"availabilityDate": "2020-09-17T13:09:27Z",
	"supplyingLocation": "Supplier D",
	"status": "Pending Review",
	"units": "PAL",
	"error": 50,
	"warning": 0,
	"success": 50
}, {
	"id": 1081,
	"receivingLocation": "Warehouse 3",
	"receivingLocationId": "WH_OTTAWA",
	"orderDate": "2021-03-06T12:05:10Z",
	"orderQuantity": 80,
	"deliveryDate": "2020-09-12T04:17:33Z",
	"availabilityDate": "2020-11-05T12:40:01Z",
	"supplyingLocation": "Supplier D",
	"status": "Pending Review",
	"units": "PC",
	"error": 25,
	"warning": 25,
	"success": 50
}, {
	"id": 1082,
	"receivingLocation": "Warehouse 1",
	"receivingLocationId": "WH_TORONTO",
	"orderDate": "2021-03-04T20:02:50Z",
	"orderQuantity": 86,
	"deliveryDate": "2021-02-18T09:19:29Z",
	"availabilityDate": "2020-04-24T13:18:25Z",
	"supplyingLocation": "Supplier B",
	"status": "Created Automatically",
	"units": "PAL",
	"error": 0,
	"warning": 0,
	"success": 100
}, {
	"id": 1083,
	"receivingLocation": "Warehouse 2",
	"receivingLocationId": "WH_MONTREAL",
	"orderDate": "2021-03-05T09:13:00Z",
	"orderQuantity": 71,
	"deliveryDate": "2021-03-09T20:12:12Z",
	"availabilityDate": "2020-08-13T10:01:37Z",
	"supplyingLocation": "Supplier A",
	"status": "Pending Review",
	"units": "CAR",
	"error": 50,
	"warning": 0,
	"success": 50
}, {
	"id": 1084,
	"receivingLocation": "Warehouse 3",
	"receivingLocationId": "WH_OTTAWA",
	"orderDate": "2021-03-09T01:33:26Z",
	"orderQuantity": 66,
	"deliveryDate": "2020-04-30T10:13:16Z",
	"availabilityDate": "2020-10-16T08:34:10Z",
	"supplyingLocation": "Supplier B",
	"status": "Pending Review",
	"units": "CAR",
	"error": 25,
	"warning": 25,
	"success": 50
}, {
	"id": 1085,
	"receivingLocation": "Warehouse 1",
	"receivingLocationId": "WH_TORONTO",
	"orderDate": "2021-03-06T16:07:41Z",
	"orderQuantity": 47,
	"deliveryDate": "2021-01-16T18:31:44Z",
	"availabilityDate": "2020-09-17T09:23:13Z",
	"supplyingLocation": "Supplier C",
	"status": "Pending Review",
	"units": "PAL",
	"error": 0,
	"warning": 0,
	"success": 100
}, {
	"id": 1086,
	"receivingLocation": "Warehouse 2",
	"receivingLocationId": "WH_MONTREAL",
	"orderDate": "2021-03-05T18:50:23Z",
	"orderQuantity": 96,
	"deliveryDate": "2021-02-06T19:21:02Z",
	"availabilityDate": "2020-09-16T06:42:20Z",
	"supplyingLocation": "Supplier B",
	"status": "Pending Review",
	"units": "PAL",
	"error": 50,
	"warning": 0,
	"success": 50
}, {
	"id": 1087,
	"receivingLocation": "Warehouse 3",
	"receivingLocationId": "WH_OTTAWA",
	"orderDate": "2021-03-07T22:06:46Z",
	"orderQuantity": 10,
	"deliveryDate": "2020-07-03T23:57:40Z",
	"availabilityDate": "2020-11-26T16:17:34Z",
	"supplyingLocation": "Supplier D",
	"status": "Pending Review",
	"units": "CAR",
	"error": 25,
	"warning": 25,
	"success": 50
}, {
	"id": 1088,
	"receivingLocation": "Warehouse 1",
	"receivingLocationId": "WH_TORONTO",
	"orderDate": "2021-03-03T09:57:48Z",
	"orderQuantity": 54,
	"deliveryDate": "2020-04-09T06:39:19Z",
	"availabilityDate": "2020-10-06T00:16:10Z",
	"supplyingLocation": "Supplier D",
	"status": "Created Automatically",
	"units": "PC",
	"error": 0,
	"warning": 0,
	"success": 100
}, {
	"id": 1089,
	"receivingLocation": "Warehouse 2",
	"receivingLocationId": "WH_MONTREAL",
	"orderDate": "2021-03-04T23:19:29Z",
	"orderQuantity": 26,
	"deliveryDate": "2020-08-27T22:48:44Z",
	"availabilityDate": "2021-02-02T13:32:38Z",
	"supplyingLocation": "Supplier C",
	"status": "Pending Review",
	"units": "PC",
	"error": 50,
	"warning": 0,
	"success": 50
}, {
	"id": 1090,
	"receivingLocation": "Warehouse 3",
	"receivingLocationId": "WH_OTTAWA",
	"orderDate": "2021-03-07T14:52:26Z",
	"orderQuantity": 5,
	"deliveryDate": "2021-02-28T22:25:38Z",
	"availabilityDate": "2021-03-04T07:11:58Z",
	"supplyingLocation": "Supplier A",
	"status": "Pending Review",
	"units": "PC",
	"error": 25,
	"warning": 25,
	"success": 50
}, {
	"id": 1091,
	"receivingLocation": "Warehouse 1",
	"receivingLocationId": "WH_TORONTO",
	"orderDate": "2021-03-09T00:28:03Z",
	"orderQuantity": 11,
	"deliveryDate": "2021-02-07T08:25:00Z",
	"availabilityDate": "2020-07-29T08:17:31Z",
	"supplyingLocation": "Supplier C",
	"status": "Pending Review",
	"units": "PC",
	"error": 0,
	"warning": 0,
	"success": 100
}, {
	"id": 1092,
	"receivingLocation": "Warehouse 2",
	"receivingLocationId": "WH_MONTREAL",
	"orderDate": "2021-03-06T10:50:35Z",
	"orderQuantity": 58,
	"deliveryDate": "2020-05-12T14:21:19Z",
	"availabilityDate": "2021-02-11T04:26:20Z",
	"supplyingLocation": "Supplier A",
	"status": "Created Automatically",
	"units": "PC",
	"error": 50,
	"warning": 0,
	"success": 50
}, {
	"id": 1093,
	"receivingLocation": "Warehouse 3",
	"receivingLocationId": "WH_OTTAWA",
	"orderDate": "2021-03-05T23:23:55Z",
	"orderQuantity": 7,
	"deliveryDate": "2020-12-06T19:19:02Z",
	"availabilityDate": "2020-03-13T05:34:27Z",
	"supplyingLocation": "Supplier C",
	"status": "Created Automatically",
	"units": "PAL",
	"error": 25,
	"warning": 25,
	"success": 50
}, {
	"id": 1094,
	"receivingLocation": "Warehouse 1",
	"receivingLocationId": "WH_TORONTO",
	"orderDate": "2021-03-04T15:02:02Z",
	"orderQuantity": 49,
	"deliveryDate": "2020-06-07T11:46:04Z",
	"availabilityDate": "2020-12-13T02:08:19Z",
	"supplyingLocation": "Supplier A",
	"status": "Created Automatically",
	"units": "CAR",
	"error": 0,
	"warning": 0,
	"success": 100
}, {
	"id": 1095,
	"receivingLocation": "Warehouse 2",
	"receivingLocationId": "WH_MONTREAL",
	"orderDate": "2021-03-04T22:41:53Z",
	"orderQuantity": 63,
	"deliveryDate": "2021-01-11T07:27:05Z",
	"availabilityDate": "2020-10-12T22:16:27Z",
	"supplyingLocation": "Supplier A",
	"status": "Pending Review",
	"units": "PAL",
	"error": 50,
	"warning": 0,
	"success": 50
}, {
	"id": 1096,
	"receivingLocation": "Warehouse 3",
	"receivingLocationId": "WH_OTTAWA",
	"orderDate": "2021-03-04T11:45:29Z",
	"orderQuantity": 34,
	"deliveryDate": "2020-05-05T23:24:55Z",
	"availabilityDate": "2020-11-26T17:57:00Z",
	"supplyingLocation": "Supplier B",
	"status": "Created Automatically",
	"units": "PC",
	"error": 25,
	"warning": 25,
	"success": 50
}, {
	"id": 1097,
	"receivingLocation": "Warehouse 1",
	"receivingLocationId": "WH_TORONTO",
	"orderDate": "2021-03-03T22:37:38Z",
	"orderQuantity": 19,
	"deliveryDate": "2020-12-29T18:14:11Z",
	"availabilityDate": "2020-04-23T07:59:25Z",
	"supplyingLocation": "Supplier D",
	"status": "Pending Review",
	"units": "PC",
	"error": 0,
	"warning": 0,
	"success": 100
}, {
	"id": 1098,
	"receivingLocation": "Warehouse 2",
	"receivingLocationId": "WH_MONTREAL",
	"orderDate": "2021-03-03T19:24:17Z",
	"orderQuantity": 72,
	"deliveryDate": "2020-08-17T13:35:58Z",
	"availabilityDate": "2020-04-09T16:58:28Z",
	"supplyingLocation": "Supplier A",
	"status": "Created Automatically",
	"units": "PC",
	"error": 50,
	"warning": 0,
	"success": 50
}, {
	"id": 1099,
	"receivingLocation": "Warehouse 3",
	"receivingLocationId": "WH_OTTAWA",
	"orderDate": "2021-03-06T08:40:22Z",
	"orderQuantity": 95,
	"deliveryDate": "2020-12-05T06:31:41Z",
	"availabilityDate": "2020-09-23T21:27:10Z",
	"supplyingLocation": "Supplier B",
	"status": "Pending Review",
	"units": "PAL",
	"error": 25,
	"warning": 25,
	"success": 50
}, {
	"id": 1100,
	"receivingLocation": "Warehouse 1",
	"receivingLocationId": "WH_TORONTO",
	"orderDate": "2021-03-09T16:36:33Z",
	"orderQuantity": 24,
	"deliveryDate": "2020-09-04T06:35:48Z",
	"availabilityDate": "2020-04-06T04:37:44Z",
	"supplyingLocation": "Supplier A",
	"status": "Created Automatically",
	"units": "PC",
	"error": 0,
	"warning": 0,
	"success": 100
}]