[{
	"text": "Titanium",
	"data": 21
}, {
	"text": "Technocom",
	"data": 22
}, {
	"text": "Red Point Stores",
	"data": 7
}, {
	"text": "Very Best Screens",
	"data": 14
}, {
	"text": "Smartcards",
	"data": 2
}, {
	"text": "Alpha Printers",
	"data": 5
}, {
	"text": "Printer for All",
	"data": 8
}, {
	"text": "Oxynum",
	"data": 8
}, {
	"text": "Fasttech",
	"data": 15
}, {
	"text": "Ultrasonic United",
	"data": 15
}, {
	"text": "Speaker Experts",
	"data": 3
}, {
	"text": "Brainsoft",
	"data": 3
}]