[{
	"id": "V1001",
	"name": "Alamance Foods, Inc"
}, {
	"id": "V1002",
	"name": "Ben & Jerrys Ice Cream"
}, {
	"id": "V1003",
	"name": "Breyers Ice Cream"
}, {
	"id": "V1004",
	"name": "Blue Bell Creameries"
}, {
	"id": "V1005",
	"name": "Bubbies Homemade Ice Cream & Desserts"
}, {
	"id": "V1006",
	"name": "Caspers Ice Cream"
}, {
	"id": "V1007",
	"name": "Fieldbrook Foods Inc"
}, {
	"id": "V1008",
	"name": "Graeters Ice Cream"
}, {
	"id": "V1009",
	"name": "Haagen-Dazs"
}, {
	"id": "V1010",
	"name": "Mayfield Dairy Farms"
}]